{
   "authTokenPrimari": [

      "Tokens"

   ],
   "authTokenV3": [
      {
         "V3token": "refreshToken"
      }
   ],
   "authEmail": [
      {
         "email": "you Email",
         "password": "Your passwd",
         "certificate": "Your cert"
      }
   ],
   "team_logo": "✧",
   "team_icon": "https://encrypted-tbn0.gstatic.com/images?q=tbn:ANd9GcRBf-Swn7zkBOJjFQAaAFNK1VVLXrLlGT56M-E759zF9Z4CBWVlUqf62_7O&s=10",
   "team_url": "https://linebot.com",
   "team_name": "Line Bots 2025",
   "team_mid": "u69bcba95b38beba61b5b80e60de38f3d",
   "prefix": "!",
   "message_bot": {
      "msg_welcome": "Hello , I hope you are happy here",
      "msg_leave": "Goodbye dud!",
      "msg_respon": "I'm ready !!!",
      "msg_sider": "Come on @!",
      "msg_kick": "Son of a bitch @!",
      "msg_out": "Goodbye @!",
      "msg_clearbans": "Omit blacklist",
      "msg_limit": "○",
      "msg_fresh": "●"
   },
   "mid_restart": "",
   "authToken_revoke": [],
   "blacklist": [],
   "whitelist": [],
   "typo_correct": false,
   "typo_detect": false,
   "SeqMessage": [],
   "settings": {
      "lurkmsg": "Hi, @! \nCome here.",
      "lurk": [],
      "forcejoin": false,
      "allowban": true,
      "silent": false,
      "antitag": false,
      "kill": "purge",
      "mode": "invite",
      "gradeinvite": 2,
      "random": false,
      "autopro": false,
      "staynuke": false,
      "forceqr": false,
      "nukejoin": false,
      "takeover": false,
      "proInvite": [],
      "proCancel": [],
      "proKick": [],
      "proCall": [],
      "proNote": [],
      "proAlbum": [],
      "proFlex": [],
      "proContact": [],
      "proFile": [],
      "proLinkGroup": [],
      "purge": true,
      "footer": false,
      "template": false,
      "encmode": false,
      "autocban": false,
      "proQr": [],
      "proName": [],
      "prostay": [],
      "prolinkgroup": [],
      "template1": false,
      "template2": false
   },
   "status": {
      "resel": [],
      "stay": [],
      "staff": [],
      "wl": [],
      "gaccess": {},
      "blacklist": [],
      "mute": [],
      "logmode": [],
      "kcount": {},
      "limits": {},
      "icount": {},
      "wordban": [],
      "bot": [],
      "owner": [],
      "admin": []
   },
   "suggest": 0,
   "dataE2EE": {},
   "sname": "v",
   "rname": "2",
   "respon": "Ready !!!",
   "e2eeGroupKeys": "",
   "Selfbot": {
      "Email": {},
      "Password": {},
      "AuthToken": {},
      "Mid": {},
      "CertificateLogin": {},
   "lurkmsg": "Hi, @! \n.lurkmsg",
   "limiter": 3,
   "kicker": 2,
   "canceler": 1,
   "inviter": 2
}