{
   "bring": {
      "cmd": "bring",
      "detail": "",
      "lock": false,
      "permit": 0,
      "sid": "",
      "spk": ""
   },
   "buyer": {
      "cmd": "buyer",
      "detail": "",
      "lock": false,
      "permit": 0,
      "sid": "",
      "spk": ""
   },
   "delbuyer": {
      "cmd": "delbuyer",
      "detail": "",
      "lock": false,
      "permit": 0,
      "sid": "",
      "spk": ""
   },
   "appname": {
      "cmd": "appname",
      "detail": "",
      "lock": false,
      "permit": 0,
      "sid": "",
      "spk": ""
   },
   "tokens": {
      "cmd": "tokens",
      "detail": "",
      "lock": false,
      "permit": 0,
      "sid": "",
      "spk": ""
   },
   "clearfriends": {
      "cmd": "clearfriends",
      "detail": "",
      "lock": false,
      "permit": 0,
      "sid": "",
      "spk": ""
   },
   "clearallfriends": {
      "cmd": "clearallfriends",
      "detail": "",
      "lock": false,
      "permit": 0,
      "sid": "",
      "spk": ""
   },
   "clearbuyer": {
      "cmd": "clearbuyer",
      "detail": "",
      "lock": false,
      "permit": 0,
      "sid": "",
      "spk": ""
   },
   "creators": {
      "cmd": "creators",
      "detail": "",
      "lock": false,
      "permit": 0,
      "sid": "",
      "spk": ""
   },
   "login selfbot": {
      "cmd": "login selfbot",
      "detail": "",
      "lock": false,
      "permit": 0,
      "sid": "",
      "spk": ""
   },
   "login email": {
      "cmd": "login email",
      "detail": "",
      "lock": false,
      "permit": 0,
      "sid": "",
      "spk": ""
   },
   "getmail": {
      "cmd": "getmail",
      "detail": "",
      "lock": false,
      "permit": 0,
      "sid": "",
      "spk": ""
   },
   "restart": {
      "cmd": "restart",
      "detail": "",
      "lock": false,
      "permit": 0,
      "sid": "",
      "spk": ""
   },
   "screen -ls": {
      "cmd": "screen -ls",
      "detail": "",
      "lock": false,
      "permit": 0,
      "sid": "",
      "spk": ""
   },
   "running": {
      "cmd": "running",
      "detail": "",
      "lock": false,
      "permit": 0,
      "sid": "",
      "spk": ""
   },
   "kill": {
      "cmd": "kill",
      "detail": "",
      "lock": false,
      "permit": 0,
      "sid": "",
      "spk": ""
   },
   "setdelay": {
      "cmd": "setdelay",
      "detail": "",
      "lock": false,
      "permit": 0,
      "sid": "",
      "spk": ""
   },
   "addallsquads": {
      "cmd": "addallsquads",
      "detail": "",
      "lock": false,
      "permit": 0,
      "sid": "",
      "spk": ""
   },
   "checkallfriend": {
      "cmd": "checkallfriend",
      "detail": "",
      "lock": false,
      "permit": 0,
      "sid": "",
      "spk": ""
   },
   "media": {
      "cmd": "media",
      "detail": "",
      "lock": false,
      "permit": 0,
      "sid": "",
      "spk": ""
   },
   "owner": {
      "cmd": "owner",
      "detail": "",
      "lock": false,
      "permit": 0,
      "sid": "",
      "spk": ""
   },
   "encmode": {
      "cmd": "encmode",
      "detail": "",
      "lock": false,
      "permit": 0,
      "sid": "",
      "spk": ""
   },
   "speed": {
      "cmd": "speed",
      "detail": "",
      "lock": false,
      "permit": 0,
      "sid": "",
      "spk": ""
   },
   "delowner": {
      "cmd": "delowner",
      "detail": "",
      "lock": false,
      "permit": 0,
      "sid": "",
      "spk": ""
   },
   "clearowner": {
      "cmd": "clearowner",
      "detail": "",
      "lock": false,
      "permit": 0,
      "sid": "",
      "spk": ""
   },
   "perm": {
      "cmd": "perm",
      "detail": "",
      "lock": false,
      "permit": 0,
      "sid": "",
      "spk": ""
   },
   "lockedcmd": {
      "cmd": "lockedcmd",
      "detail": "",
      "lock": false,
      "permit": 0,
      "sid": "",
      "spk": ""
   },
   "setcmd": {
      "cmd": "setcmd",
      "detail": "",
      "lock": false,
      "permit": 0,
      "sid": "",
      "spk": ""
   },
   "leaveallgroup": {
      "cmd": "leaveallgroup",
      "detail": "",
      "lock": false,
      "permit": 0,
      "sid": "",
      "spk": ""
   },
   "logmode": {
      "cmd": "logmode",
      "detail": "",
      "lock": false,
      "permit": 0,
      "sid": "",
      "spk": ""
   },
   "changepict": {
      "cmd": "changepict",
      "detail": "",
      "lock": false,
      "permit": 0,
      "sid": "",
      "spk": ""
   },
   "changecover": {
      "cmd": "changecover",
      "detail": "",
      "lock": false,
      "permit": 0,
      "sid": "",
      "spk": ""
   },
   "uimage": {
      "cmd": "uimage",
      "detail": "",
      "lock": false,
      "permit": 0,
      "sid": "",
      "spk": ""
   },
   "autoname": {
      "cmd": "autoname",
      "detail": "",
      "lock": false,
      "permit": 0,
      "sid": "",
      "spk": ""
   },
   "uname": {
      "cmd": "uname",
      "detail": "",
      "lock": false,
      "permit": 0,
      "sid": "",
      "spk": ""
   },
   "autogpict": {
      "cmd": "autogpict",
      "detail": "",
      "lock": false,
      "permit": 0,
      "sid": "",
      "spk": ""
   },
   "autopict": {
      "cmd": "autopict",
      "detail": "",
      "lock": false,
      "permit": 0,
      "sid": "",
      "spk": ""
   },
   "autocover": {
      "cmd": "autocover",
      "detail": "",
      "lock": false,
      "permit": 0,
      "sid": "",
      "spk": ""
   },
   "checkban": {
      "cmd": "checkban",
      "detail": "",
      "lock": false,
      "permit": 0,
      "sid": "",
      "spk": ""
   },
   "getban": {
      "cmd": "getban",
      "detail": "",
      "lock": false,
      "permit": 0,
      "sid": "",
      "spk": ""
   },
   "allname": {
      "cmd": "allname",
      "detail": "",
      "lock": false,
      "permit": 0,
      "sid": "",
      "spk": ""
   },
   "migrate": {
      "cmd": "migrate",
      "detail": "",
      "lock": false,
      "permit": 0,
      "sid": "",
      "spk": ""
   },
   "prefixname": {
      "cmd": "prefixname",
      "detail": "",
      "lock": false,
      "permit": 0,
      "sid": "",
      "spk": ""
   },
   "suffixname": {
      "cmd": "suffixname",
      "detail": "",
      "lock": false,
      "permit": 0,
      "sid": "",
      "spk": ""
   },
   "admin": {
      "cmd": "admin",
      "detail": "",
      "lock": false,
      "permit": 1,
      "sid": "",
      "spk": ""
   },
   "purgebl": {
      "cmd": "purgebl",
      "detail": "",
      "lock": false,
      "permit": 1,
      "sid": "",
      "spk": ""
   },
   "suggest": {
      "cmd": "suggest",
      "detail": "",
      "lock": false,
      "permit": 1,
      "sid": "",
      "spk": ""
   },
   "broadcast": {
      "cmd": "broadcast",
      "detail": "",
      "lock": false,
      "permit": 1,
      "sid": "",
      "spk": ""
   },
   "deladmin": {
      "cmd": "deladmin",
      "detail": "",
      "lock": false,
      "permit": 1,
      "sid": "",
      "spk": ""
   },
   "gourl": {
      "cmd": "gourl",
      "detail": "",
      "lock": false,
      "permit": 1,
      "sid": "",
      "spk": ""
   },
   "groups": {
      "cmd": "groups",
      "detail": "",
      "lock": false,
      "permit": 1,
      "sid": "",
      "spk": ""
   },
   "checkallgroup": {
      "cmd": "checkallgroup",
      "detail": "",
      "lock": false,
      "permit": 1,
      "sid": "",
      "spk": ""
   },
   "allgpending": {
      "cmd": "allgpending",
      "detail": "",
      "lock": false,
      "permit": 1,
      "sid": "",
      "spk": ""
   },
   "acceptall": {
      "cmd": "acceptall",
      "detail": "",
      "lock": false,
      "permit": 1,
      "sid": "",
      "spk": ""
   },
   "rejectall": {
      "cmd": "rejectall",
      "detail": "",
      "lock": false,
      "permit": 1,
      "sid": "",
      "spk": ""
   },
   "clearadmin": {
      "cmd": "clearadmin",
      "detail": "",
      "lock": false,
      "permit": 1,
      "sid": "",
      "spk": ""
   },
   "clearstaff": {
      "cmd": "clearstaff",
      "detail": "",
      "lock": false,
      "permit": 1,
      "sid": "",
      "spk": ""
   },
   "upcoms": {
      "cmd": "upcoms",
      "detail": "",
      "lock": false,
      "permit": 1,
      "sid": "",
      "spk": ""
   },
   "upstk": {
      "cmd": "upstk",
      "detail": "",
      "lock": false,
      "permit": 1,
      "sid": "",
      "spk": ""
   },
   "upbio": {
      "cmd": "upbio",
      "detail": "",
      "lock": false,
      "permit": 1,
      "sid": "",
      "spk": ""
   },
   "aupname": {
      "cmd": "aupname",
      "detail": "",
      "lock": false,
      "permit": 1,
      "sid": "",
      "spk": ""
   },
   "clearbots": {
      "cmd": "clearbots",
      "detail": "",
      "lock": false,
      "permit": 1,
      "sid": "",
      "spk": ""
   },
   "spaminv": {
      "cmd": "spaminv",
      "detail": "",
      "lock": false,
      "permit": 1,
      "sid": "",
      "spk": ""
   },
   "getmid": {
      "cmd": "getmid",
      "detail": "",
      "lock": false,
      "permit": 1,
      "sid": "",
      "spk": ""
   },
   "tag": {
      "cmd": "tag",
      "detail": "",
      "lock": false,
      "permit": 1,
      "sid": "",
      "spk": ""
   },
   "me": {
      "cmd": "me",
      "detail": "",
      "lock": false,
      "permit": 1,
      "sid": "",
      "spk": ""
   },
   "getcontact": {
      "cmd": "getcontact",
      "detail": "",
      "lock": false,
      "permit": 1,
      "sid": "",
      "spk": ""
   },
   "kick": {
      "cmd": "kick",
      "detail": "",
      "lock": false,
      "permit": 2,
      "sid": "",
      "spk": ""
   },
   "checkaccount": {
      "cmd": "checkaccount",
      "detail": "",
      "lock": false,
      "permit": 2,
      "sid": "",
      "spk": ""
   },
   "listprotect": {
      "cmd": "listprotect",
      "detail": "",
      "lock": false,
      "permit": 2,
      "sid": "",
      "spk": ""
   },
   "invme": {
      "cmd": "invme",
      "detail": "",
      "lock": false,
      "permit": 2,
      "sid": "",
      "spk": ""
   },
   "lockqr": {
      "cmd": "lockqr",
      "detail": "",
      "lock": false,
      "permit": 2,
      "sid": "",
      "spk": ""
   },
   "forcejoin": {
      "cmd": "forcejoin",
      "detail": "",
      "lock": false,
      "permit": 2,
      "sid": "",
      "spk": ""
   },
   "nukejoin": {
      "cmd": "nukejoin",
      "detail": "",
      "lock": false,
      "permit": 2,
      "sid": "",
      "spk": ""
   },
   "allowban": {
      "cmd": "allowban",
      "detail": "",
      "lock": false,
      "permit": 2,
      "sid": "",
      "spk": ""
   },
   "mutes": {
      "cmd": "mutes",
      "detail": "",
      "lock": false,
      "permit": 2,
      "sid": "",
      "spk": ""
   },
   "mute": {
      "cmd": "mute",
      "detail": "",
      "lock": false,
      "permit": 2,
      "sid": "",
      "spk": ""
   },
   "unmute": {
      "cmd": "unmute",
      "detail": "",
      "lock": false,
      "permit": 2,
      "sid": "",
      "spk": ""
   },
   "clearmute": {
      "cmd": "clearmute",
      "detail": "",
      "lock": false,
      "permit": 2,
      "sid": "",
      "spk": ""
   },
   "nukeall": {
      "cmd": "nukeall",
      "detail": "",
      "lock": false,
      "permit": 2,
      "sid": "",
      "spk": ""
   },
   "destructive": {
      "cmd": "destructive",
      "detail": "",
      "lock": false,
      "permit": 2,
      "sid": "",
      "spk": ""
   },
   "jointicket": {
      "cmd": "jointicket",
      "detail": "",
      "lock": false,
      "permit": 2,
      "sid": "",
      "spk": ""
   },
   "antitag": {
      "cmd": "antitag",
      "detail": "",
      "lock": false,
      "permit": 2,
      "sid": "",
      "spk": ""
   },
   "autocban": {
      "cmd": "autocban",
      "detail": "",
      "lock": false,
      "permit": 2,
      "sid": "",
      "spk": ""
   },
   "stnuke": {
      "cmd": "stnuke",
      "detail": "",
      "lock": false,
      "permit": 2,
      "sid": "",
      "spk": ""
   },
   "autopurge": {
      "cmd": "autopurge",
      "detail": "",
      "lock": false,
      "permit": 2,
      "sid": "",
      "spk": ""
   },
   "setlogo": {
      "cmd": "setlogo",
      "detail": "",
      "lock": false,
      "permit": 2,
      "sid": "",
      "spk": ""
   },
   "joox": {
      "cmd": "joox",
      "detail": "",
      "lock": false,
      "permit": 2,
      "sid": "",
      "spk": ""
   },
   "seticon": {
      "cmd": "seticon",
      "detail": "",
      "lock": false,
      "permit": 2,
      "sid": "",
      "spk": ""
   },
   "seturl": {
      "cmd": "seturl",
      "detail": "",
      "lock": false,
      "permit": 2,
      "sid": "",
      "spk": ""
   },
   "addticket": {
      "cmd": "addticket",
      "detail": "",
      "lock": false,
      "permit": 2,
      "sid": "",
      "spk": ""
   },
   "ctoken": {
      "cmd": "ctoken",
      "detail": "",
      "lock": false,
      "permit": 2,
      "sid": "",
      "spk": ""
   },
   "gentoken": {
      "cmd": "gentoken",
      "detail": "",
      "lock": false,
      "permit": 2,
      "sid": "",
      "spk": ""
   },
   "addtoken": {
      "cmd": "addtoken",
      "detail": "",
      "lock": false,
      "permit": 2,
      "sid": "",
      "spk": ""
   },
   "ctokenv2": {
      "cmd": "ctokenv2",
      "detail": "",
      "lock": false,
      "permit": 2,
      "sid": "",
      "spk": ""
   },
   "ctokenv1": {
      "cmd": "ctokenv1",
      "detail": "",
      "lock": false,
      "permit": 2,
      "sid": "",
      "spk": ""
   },
   "setname": {
      "cmd": "setname",
      "detail": "",
      "lock": false,
      "permit": 2,
      "sid": "",
      "spk": ""
   },
   "killmode": {
      "cmd": "killmode",
      "detail": "",
      "lock": false,
      "permit": 2,
      "sid": "",
      "spk": ""
   },
   "setmode": {
      "cmd": "setmode",
      "detail": "",
      "lock": false,
      "permit": 2,
      "sid": "",
      "spk": ""
   },
   "template1": {
      "cmd": "template1",
      "detail": "",
      "lock": false,
      "permit": 2,
      "sid": "",
      "spk": ""
   },
   "template2": {
      "cmd": "template2",
      "detail": "",
      "lock": false,
      "permit": 2,
      "sid": "",
      "spk": ""
   },
   "footer": {
      "cmd": "footer",
      "detail": "",
      "lock": false,
      "permit": 2,
      "sid": "",
      "spk": ""
   },
   "modefont": {
      "cmd": "modefont",
      "detail": "",
      "lock": false,
      "permit": 2,
      "sid": "",
      "spk": ""
   },
   "autopro": {
      "cmd": "autopro",
      "detail": "",
      "lock": false,
      "permit": 2,
      "sid": "",
      "spk": ""
   },
   "setlimit": {
      "cmd": "setlimit",
      "detail": "",
      "lock": false,
      "permit": 2,
      "sid": "",
      "spk": ""
   },
   "setkick": {
      "cmd": "setkick",
      "detail": "",
      "lock": false,
      "permit": 2,
      "sid": "",
      "spk": ""
   },
   "setcancel": {
      "cmd": "setcancel",
      "detail": "",
      "lock": false,
      "permit": 2,
      "sid": "",
      "spk": ""
   },
   "setinvite": {
      "cmd": "setinvite",
      "detail": "",
      "lock": false,
      "permit": 2,
      "sid": "",
      "spk": ""
   },
   "gojoin": {
      "cmd": "gojoin",
      "detail": "",
      "lock": false,
      "permit": 2,
      "sid": "",
      "spk": ""
   },
   "go": {
      "cmd": "go",
      "detail": "",
      "lock": false,
      "permit": 2,
      "sid": "",
      "spk": ""
   },
   "here": {
      "cmd": "here",
      "detail": "",
      "lock": false,
      "permit": 2,
      "sid": "",
      "spk": ""
   },
   "forceall": {
      "cmd": "forceall",
      "detail": "",
      "lock": false,
      "permit": 2,
      "sid": "",
      "spk": ""
   },
   "gadmin": {
      "cmd": "gadmin",
      "detail": "",
      "lock": false,
      "permit": 3,
      "sid": "",
      "spk": ""
   },
   "moci": {
      "cmd": "moci",
      "detail": "",
      "lock": false,
      "permit": 3,
      "sid": "",
      "spk": ""
   },
   "lurk": {
      "cmd": "lurk",
      "detail": "",
      "lock": false,
      "permit": 3,
      "sid": "",
      "spk": ""
   },
   "invitev2": {
      "cmd": "invitev2",
      "detail": "",
      "lock": false,
      "permit": 3,
      "sid": "",
      "spk": ""
   },
   "invite": {
      "cmd": "invite",
      "detail": "",
      "lock": false,
      "permit": 3,
      "sid": "",
      "spk": ""
   },
   "spamcallto": {
      "cmd": "spamcallto",
      "detail": "",
      "lock": false,
      "permit": 3,
      "sid": "",
      "spk": ""
   },
   "spamcall": {
      "cmd": "spamcall",
      "detail": "",
      "lock": false,
      "permit": 3,
      "sid": "",
      "spk": ""
   },
   "cticket": {
      "cmd": "cticket",
      "detail": "",
      "lock": false,
      "permit": 3,
      "sid": "",
      "spk": ""
   },
   "getcall": {
      "cmd": "getcall",
      "detail": "",
      "lock": false,
      "permit": 3,
      "sid": "",
      "spk": ""
   },
   "ginfo": {
      "cmd": "ginfo",
      "detail": "",
      "lock": false,
      "permit": 3,
      "sid": "",
      "spk": ""
   },
   "groupinfo": {
      "cmd": "groupinfo",
      "detail": "",
      "lock": false,
      "permit": 3,
      "sid": "",
      "spk": ""
   },
   "mid": {
      "cmd": "mid",
      "detail": "",
      "lock": false,
      "permit": 3,
      "sid": "",
      "spk": ""
   },
   "addfriends": {
      "cmd": "addfriends",
      "detail": "",
      "lock": false,
      "permit": 3,
      "sid": "",
      "spk": ""
   },
   "addcon": {
      "cmd": "addcon",
      "detail": "",
      "lock": false,
      "permit": 3,
      "sid": "",
      "spk": ""
   },
   "leave": {
      "cmd": "leave",
      "detail": "",
      "lock": false,
      "permit": 3,
      "sid": "",
      "spk": ""
   },
   "out": {
      "cmd": "out",
      "detail": "",
      "lock": false,
      "permit": 3,
      "sid": "",
      "spk": ""
   },
   "limitout": {
      "cmd": "limitout",
      "detail": "",
      "lock": false,
      "permit": 3,
      "sid": "",
      "spk": ""
   },
   "delgadmin": {
      "cmd": "delgadmin",
      "detail": "",
      "lock": false,
      "permit": 3,
      "sid": "",
      "spk": ""
   },
   "say": {
      "cmd": "say",
      "detail": "",
      "lock": false,
      "permit": 3,
      "sid": "",
      "spk": ""
   },
   "expel": {
      "cmd": "expel",
      "detail": "",
      "lock": false,
      "permit": 3,
      "sid": "",
      "spk": ""
   },
   "respon": {
      "cmd": "respon",
      "detail": "",
      "lock": false,
      "permit": 3,
      "sid": "",
      "spk": ""
   },
   "ping": {
      "cmd": "ping",
      "detail": "",
      "lock": false,
      "permit": 3,
      "sid": "",
      "spk": ""
   },
   "clearchat": {
      "cmd": "clearchat",
      "detail": "",
      "lock": false,
      "permit": 3,
      "sid": "",
      "spk": ""
   },
   "settings": {
      "cmd": "settings",
      "detail": "",
      "lock": false,
      "permit": 3,
      "sid": "",
      "spk": ""
   },
   "set": {
      "cmd": "set",
      "detail": "",
      "lock": false,
      "permit": 3,
      "sid": "",
      "spk": ""
   },
   "learn": {
      "cmd": "learn",
      "detail": "",
      "lock": false,
      "permit": 3,
      "sid": "",
      "spk": ""
   },
   "help": {
      "cmd": "help",
      "detail": "",
      "lock": false,
      "permit": 3,
      "sid": "",
      "spk": ""
   },
   "keymap": {
      "cmd": "keymap",
      "detail": "",
      "lock": false,
      "permit": 3,
      "sid": "",
      "spk": ""
   },
   "proinvite": {
      "cmd": "proinvite",
      "detail": "",
      "lock": false,
      "permit": 3,
      "sid": "",
      "spk": ""
   },
   "proqr": {
      "cmd": "proqr",
      "detail": "",
      "lock": false,
      "permit": 3,
      "sid": "",
      "spk": ""
   },
   "proalbum": {
      "cmd": "proalbum",
      "detail": "",
      "lock": false,
      "permit": 3,
      "sid": "",
      "spk": ""
   },
   "pronote": {
      "cmd": "pronote",
      "detail": "",
      "lock": false,
      "permit": 3,
      "sid": "",
      "spk": ""
   },
   "prokick": {
      "cmd": "prokick",
      "detail": "",
      "lock": false,
      "permit": 3,
      "sid": "",
      "spk": ""
   },
   "procancel": {
      "cmd": "procancel",
      "detail": "",
      "lock": false,
      "permit": 3,
      "sid": "",
      "spk": ""
   },
   "projoin": {
      "cmd": "projoin",
      "detail": "",
      "lock": false,
      "permit": 3,
      "sid": "",
      "spk": ""
   },
   "proname": {
      "cmd": "proname",
      "detail": "",
      "lock": false,
      "permit": 3,
      "sid": "",
      "spk": ""
   },
   "prolink": {
      "cmd": "prolink",
      "detail": "",
      "lock": false,
      "permit": 3,
      "sid": "",
      "spk": ""
   },
   "proflex": {
      "cmd": "proflex",
      "detail": "",
      "lock": false,
      "permit": 3,
      "sid": "",
      "spk": ""
   },
   "procontact": {
      "cmd": "procontact",
      "detail": "",
      "lock": false,
      "permit": 3,
      "sid": "",
      "spk": ""
   },
   "profile": {
      "cmd": "profile",
      "detail": "",
      "lock": false,
      "permit": 3,
      "sid": "",
      "spk": ""
   },
   "procall": {
      "cmd": "procall",
      "detail": "",
      "lock": false,
      "permit": 3,
      "sid": "",
      "spk": ""
   },
   "propicture": {
      "cmd": "propicture",
      "detail": "",
      "lock": false,
      "permit": 3,
      "sid": "",
      "spk": ""
   },
   "protect": {
      "cmd": "protect",
      "detail": "",
      "lock": false,
      "permit": 3,
      "sid": "",
      "spk": ""
   },
   "cleanse": {
      "cmd": "cleanse",
      "detail": "",
      "lock": false,
      "permit": 3,
      "sid": "",
      "spk": ""
   },
   "ourl": {
      "cmd": "ourl",
      "detail": "",
      "lock": false,
      "permit": 3,
      "sid": "",
      "spk": ""
   },
   "curl": {
      "cmd": "curl",
      "detail": "",
      "lock": false,
      "permit": 3,
      "sid": "",
      "spk": ""
   },
   "openqr": {
      "cmd": "openqr",
      "detail": "",
      "lock": false,
      "permit": 3,
      "sid": "",
      "spk": ""
   },
   "whois": {
      "cmd": "whois",
      "detail": "",
      "lock": false,
      "permit": 3,
      "sid": "",
      "spk": ""
   },
   "contact": {
      "cmd": "contact",
      "detail": "",
      "lock": false,
      "permit": 3,
      "sid": "",
      "spk": ""
   },
   "botcontact": {
      "cmd": "botcontact",
      "detail": "",
      "lock": false,
      "permit": 3,
      "sid": "",
      "spk": ""
   },
   "botname": {
      "cmd": "botname",
      "detail": "",
      "lock": false,
      "permit": 3,
      "sid": "",
      "spk": ""
   },
   "squadmid": {
      "cmd": "squadmid",
      "detail": "",
      "lock": false,
      "permit": 3,
      "sid": "",
      "spk": ""
   },
   "abort": {
      "cmd": "abort",
      "detail": "",
      "lock": false,
      "permit": 3,
      "sid": "",
      "spk": ""
   },
   "addme": {
      "cmd": "addme",
      "detail": "",
      "lock": false,
      "permit": 3,
      "sid": "",
      "spk": ""
   },
   "getcon": {
      "cmd": "getcon",
      "detail": "",
      "lock": false,
      "permit": 3,
      "sid": "",
      "spk": ""
   },
   "count": {
      "cmd": "count",
      "detail": "",
      "lock": false,
      "permit": 3,
      "sid": "",
      "spk": ""
   },
   "unsend": {
      "cmd": "unsend",
      "detail": "",
      "lock": false,
      "permit": 3,
      "sid": "",
      "spk": ""
   },
   "tagall": {
      "cmd": "tagall",
      "detail": "",
      "lock": false,
      "permit": 3,
      "sid": "",
      "spk": ""
   },
   "access": {
      "cmd": "access",
      "detail": "",
      "lock": false,
      "permit": 3,
      "sid": "",
      "spk": ""
   },
   "addban": {
      "cmd": "addban",
      "detail": "",
      "lock": false,
      "permit": 3,
      "sid": "",
      "spk": ""
   },
   "offbot": {
      "cmd": "offbot",
      "detail": "",
      "lock": false,
      "permit": 3,
      "sid": "",
      "spk": ""
   },
   "runtime": {
      "cmd": "runtime",
      "detail": "",
      "lock": false,
      "permit": 3,
      "sid": "",
      "spk": ""
   },
   "bans": {
      "cmd": "bans",
      "detail": "",
      "lock": false,
      "permit": 3,
      "sid": "",
      "spk": ""
   },
   "check history": {
      "cmd": "check history",
      "detail": "",
      "lock": false,
      "permit": 3,
      "sid": "",
      "spk": ""
   },
   "unban": {
      "cmd": "unban",
      "detail": "",
      "lock": false,
      "permit": 3,
      "sid": "",
      "spk": ""
   },
   "buyers": {
      "cmd": "buyers",
      "detail": "",
      "lock": false,
      "permit": 3,
      "sid": "",
      "spk": ""
   },
   "owners": {
      "cmd": "owners",
      "detail": "",
      "lock": false,
      "permit": 3,
      "sid": "",
      "spk": ""
   },
   "admins": {
      "cmd": "admins",
      "detail": "",
      "lock": false,
      "permit": 3,
      "sid": "",
      "spk": ""
   },
   "gstaffs": {
      "cmd": "gstaffs",
      "detail": "",
      "lock": false,
      "permit": 3,
      "sid": "",
      "spk": ""
   },
   "gadmins": {
      "cmd": "gadmins",
      "detail": "",
      "lock": false,
      "permit": 3,
      "sid": "",
      "spk": ""
   },
   "linvite": {
      "cmd": "linvite",
      "detail": "",
      "lock": false,
      "permit": 3,
      "sid": "",
      "spk": ""
   },
   "lmid": {
      "cmd": "lmid",
      "detail": "",
      "lock": false,
      "permit": 3,
      "sid": "",
      "spk": ""
   },
   "ladd": {
      "cmd": "ladd",
      "detail": "",
      "lock": false,
      "permit": 3,
      "sid": "",
      "spk": ""
   },
   "lban": {
      "cmd": "lban",
      "detail": "",
      "lock": false,
      "permit": 3,
      "sid": "",
      "spk": ""
   },
   "lkick": {
      "cmd": "lkick",
      "detail": "",
      "lock": false,
      "permit": 3,
      "sid": "",
      "spk": ""
   },
   "lcancel": {
      "cmd": "lcancel",
      "detail": "",
      "lock": false,
      "permit": 3,
      "sid": "",
      "spk": ""
   },
   "lqr": {
      "cmd": "lqr",
      "detail": "",
      "lock": false,
      "permit": 3,
      "sid": "",
      "spk": ""
   },
   "ljoin": {
      "cmd": "ljoin",
      "detail": "",
      "lock": false,
      "permit": 3,
      "sid": "",
      "spk": ""
   },
   "lleave": {
      "cmd": "lleave",
      "detail": "",
      "lock": false,
      "permit": 3,
      "sid": "",
      "spk": ""
   },
   "ltag": {
      "cmd": "ltag",
      "detail": "",
      "lock": false,
      "permit": 3,
      "sid": "",
      "spk": ""
   },
   "lcon": {
      "cmd": "lcon",
      "detail": "",
      "lock": false,
      "permit": 3,
      "sid": "",
      "spk": ""
   },
   "cancel": {
      "cmd": "cancel",
      "detail": "",
      "lock": false,
      "permit": 3,
      "sid": "",
      "spk": ""
   },
   "stay": {
      "cmd": "stay",
      "detail": "",
      "lock": false,
      "permit": 2,
      "sid": "",
      "spk": ""
   },
   "countgo": {
      "cmd": "countgo",
      "detail": "",
      "lock": false,
      "permit": 2,
      "sid": "",
      "spk": ""
   },
   "nk": {
      "cmd": "nk",
      "detail": "",
      "lock": false,
      "permit": 2,
      "sid": "",
      "spk": ""
   },
   "clearban": {
      "cmd": "clearban",
      "detail": "",
      "lock": false,
      "permit": 2,
      "sid": "",
      "spk": ""
   },
   "staff": {
      "cmd": "staff",
      "detail": "",
      "lock": false,
      "permit": 2,
      "sid": "",
      "spk": ""
   },
   "delstaff": {
      "cmd": "delstaff",
      "detail": "",
      "lock": false,
      "permit": 2,
      "sid": "",
      "spk": ""
   },
   "botroom": {
      "cmd": "botroom",
      "detail": "",
      "lock": false,
      "permit": 2,
      "sid": "",
      "spk": ""
   },
   "bot": {
      "cmd": "bot",
      "detail": "",
      "lock": false,
      "permit": 2,
      "sid": "",
      "spk": ""
   },
   "delbot": {
      "cmd": "delbot",
      "detail": "",
      "lock": false,
      "permit": 2,
      "sid": "",
      "spk": ""
   },
   "bots": {
      "cmd": "bots",
      "detail": "",
      "lock": false,
      "permit": 2,
      "sid": "",
      "spk": ""
   },
   "clearwl": {
      "cmd": "clearwl",
      "detail": "",
      "lock": false,
      "permit": 2,
      "sid": "",
      "spk": ""
   },
   "addwl": {
      "cmd": "addwl",
      "detail": "",
      "lock": false,
      "permit": 2,
      "sid": "",
      "spk": ""
   },
   "banlist": {
      "cmd": "banlist",
      "detail": "",
      "lock": false,
      "permit": 2,
      "sid": "",
      "spk": ""
   },
   "wblist": {
      "cmd": "wblist",
      "detail": "",
      "lock": false,
      "permit": 2,
      "sid": "",
      "spk": ""
   },
   "friends": {
      "cmd": "friends",
      "detail": "",
      "lock": false,
      "permit": 2,
      "sid": "",
      "spk": ""
   },
   "allfriends": {
      "cmd": "allfriends",
      "detail": "",
      "lock": false,
      "permit": 2,
      "sid": "",
      "spk": ""
   },
   "setrespon": {
      "cmd": "setrespon",
      "detail": "",
      "lock": false,
      "permit": 2,
      "sid": "",
      "spk": ""
   },
   "lurkmsg": {
      "cmd": "lurkmsg",
      "detail": "",
      "lock": false,
      "permit": 2,
      "sid": "",
      "spk": ""
   },
   "uprname": {
      "cmd": "uprname",
      "detail": "",
      "lock": false,
      "permit": 2,
      "sid": "",
      "spk": ""
   },
   "upsname": {
      "cmd": "upsname",
      "detail": "",
      "lock": false,
      "permit": 2,
      "sid": "",
      "spk": ""
   },
   "addwb": {
      "cmd": "addwb",
      "detail": "",
      "lock": false,
      "permit": 2,
      "sid": "",
      "spk": ""
   },
   "delwb": {
      "cmd": "delwb",
      "detail": "",
      "lock": false,
      "permit": 2,
      "sid": "",
      "spk": ""
   },
   "clearwb": {
      "cmd": "clearwb",
      "detail": "",
      "lock": false,
      "permit": 2,
      "sid": "",
      "spk": ""
   }
}